,algorithm,descriptors,training_set,word_embedding,top1,top2,top3,top4,top5,MRR,time,zeros,MRR2,top12,top22,top32,top42,top52,MRR_diff,top1_diff,top2_diff,top3_diff,top4_diff,top5_diff
0,craftdroid,union,android,wm,2.0,2.0,2.0,2.0,2.0,0.0714285714285714,153.17936277389526,113.0,0.0714285714285714,2.0,2.0,2.0,2.0,2.0,0.0,0.0,0.0,0.0,0.0,0.0
1,craftdroid,intersection,android,wm,2.0,2.0,2.0,2.0,2.0,0.0714285714285714,11.03185749053955,113.0,0.0714285714285714,2.0,2.0,2.0,2.0,2.0,0.0,0.0,0.0,0.0,0.0,0.0
2,craftdroid,craftdroid,android,wm,2.0,2.0,2.0,2.0,2.0,0.0714285714285714,17.188700199127197,113.0,0.0714285714285714,2.0,2.0,2.0,2.0,2.0,0.0,0.0,0.0,0.0,0.0,0.0
3,craftdroid,atm,android,wm,2.0,2.0,2.0,2.0,2.0,0.0714285714285714,11.6776225566864,113.0,0.0714285714285714,2.0,2.0,2.0,2.0,2.0,0.0,0.0,0.0,0.0,0.0,0.0
4,custom,union,android,wm,4.0,6.0,6.0,6.0,8.0,0.226328985997452,13.1369948387146,0.0,0.2957320107530191,5.0,7.0,11.0,11.0,13.0,-0.06940302475556709,-1.0,-1.0,-5.0,-5.0,-5.0
5,custom,intersection,android,wm,4.0,4.0,4.0,6.0,8.0,0.2056214499893809,12.338128805160522,26.0,0.1862170894876545,3.0,3.0,4.0,6.0,8.0,0.019404360501726392,1.0,1.0,0.0,0.0,0.0
6,custom,craftdroid,android,wm,4.0,6.0,6.0,6.0,8.0,0.226328985997452,12.883679866790771,0.0,0.2957320107530191,5.0,7.0,11.0,11.0,13.0,-0.06940302475556709,-1.0,-1.0,-5.0,-5.0,-5.0
7,custom,atm,android,wm,4.0,4.0,4.0,6.0,8.0,0.2056214499893809,11.921091079711914,26.0,0.1862170894876545,3.0,3.0,4.0,6.0,8.0,0.019404360501726392,1.0,1.0,0.0,0.0,0.0
8,atm_0,union,android,wm,2.0,5.0,5.0,6.0,8.0,0.1993270971048912,35.47445845603943,2316.0,0.2094395910610953,1.0,6.0,7.0,7.0,8.0,-0.010112493956204116,1.0,-1.0,-2.0,-1.0,0.0
9,atm_0,intersection,android,wm,5.0,5.0,8.0,9.0,10.0,0.2580111810271198,19.590099573135376,3335.0,0.204692946209359,4.0,4.0,6.0,6.0,6.0,0.053318234817760796,1.0,1.0,2.0,3.0,4.0
10,atm_0,craftdroid,android,wm,2.0,5.0,5.0,6.0,8.0,0.1993270971048912,29.94747829437256,2316.0,0.2094395910610953,1.0,6.0,7.0,7.0,8.0,-0.010112493956204116,1.0,-1.0,-2.0,-1.0,0.0
11,atm_0,atm,android,wm,5.0,5.0,8.0,9.0,10.0,0.2580111810271198,27.754569053649902,3335.0,0.204692946209359,4.0,4.0,6.0,6.0,6.0,0.053318234817760796,1.0,1.0,2.0,3.0,4.0
12,craftdroid,union,blogs,wm,2.0,2.0,2.0,2.0,2.0,0.0714285714285714,43.24262976646423,16.0,0.0714285714285714,2.0,2.0,2.0,2.0,2.0,0.0,0.0,0.0,0.0,0.0,0.0
13,craftdroid,intersection,blogs,wm,2.0,2.0,2.0,2.0,2.0,0.0714285714285714,11.809034824371338,16.0,0.0714285714285714,2.0,2.0,2.0,2.0,2.0,0.0,0.0,0.0,0.0,0.0,0.0
14,craftdroid,craftdroid,blogs,wm,2.0,2.0,2.0,2.0,2.0,0.0714285714285714,17.008888959884644,16.0,0.0714285714285714,2.0,2.0,2.0,2.0,2.0,0.0,0.0,0.0,0.0,0.0,0.0
15,craftdroid,atm,blogs,wm,2.0,2.0,2.0,2.0,2.0,0.0714285714285714,11.584099054336548,16.0,0.0714285714285714,2.0,2.0,2.0,2.0,2.0,0.0,0.0,0.0,0.0,0.0,0.0
16,custom,union,blogs,wm,4.0,5.0,6.0,7.0,7.0,0.2112025126252099,12.974212408065796,0.0,0.2278619418197386,3.0,5.0,9.0,9.0,11.0,-0.016659429194528702,1.0,0.0,-3.0,-2.0,-4.0
17,custom,intersection,blogs,wm,4.0,4.0,7.0,8.0,10.0,0.2191876789325768,12.09847331047058,0.0,0.1806869679361779,2.0,3.0,7.0,9.0,9.0,0.0385007109963989,2.0,1.0,0.0,-1.0,1.0
18,custom,craftdroid,blogs,wm,4.0,5.0,6.0,7.0,7.0,0.2112025126252099,13.173994064331056,0.0,0.2278619418197386,3.0,5.0,9.0,9.0,11.0,-0.016659429194528702,1.0,0.0,-3.0,-2.0,-4.0
19,custom,atm,blogs,wm,4.0,4.0,7.0,8.0,10.0,0.2191876789325768,11.825048923492432,0.0,0.1806869679361779,2.0,3.0,7.0,9.0,9.0,0.0385007109963989,2.0,1.0,0.0,-1.0,1.0
20,atm_0,union,blogs,wm,4.0,5.0,6.0,6.0,7.0,0.2214060870006844,36.11468386650085,2316.0,0.2302855525166152,3.0,6.0,7.0,7.0,8.0,-0.008879465515930801,1.0,-1.0,-1.0,-1.0,-1.0
21,atm_0,intersection,blogs,wm,6.0,6.0,7.0,7.0,8.0,0.2738968360787352,19.595336198806763,3154.0,0.2388742124078644,5.0,5.0,7.0,7.0,8.0,0.035022623670870806,1.0,1.0,0.0,0.0,0.0
22,atm_0,craftdroid,blogs,wm,4.0,5.0,6.0,6.0,7.0,0.2214060870006844,29.37573456764221,2316.0,0.2302855525166152,3.0,6.0,7.0,7.0,8.0,-0.008879465515930801,1.0,-1.0,-1.0,-1.0,-1.0
23,atm_0,atm,blogs,wm,6.0,6.0,7.0,7.0,8.0,0.2738968360787352,26.502912521362305,3154.0,0.2388742124078644,5.0,5.0,7.0,7.0,8.0,0.035022623670870806,1.0,1.0,0.0,0.0,0.0
24,craftdroid,union,standard,wm,2.0,2.0,2.0,2.0,2.0,0.0714285714285714,62.2078537940979,40.0,0.0714285714285714,2.0,2.0,2.0,2.0,2.0,0.0,0.0,0.0,0.0,0.0,0.0
25,craftdroid,intersection,standard,wm,2.0,2.0,2.0,2.0,2.0,0.0714285714285714,11.35193133354187,40.0,0.0714285714285714,2.0,2.0,2.0,2.0,2.0,0.0,0.0,0.0,0.0,0.0,0.0
26,craftdroid,craftdroid,standard,wm,2.0,2.0,2.0,2.0,2.0,0.0714285714285714,17.37677001953125,40.0,0.0714285714285714,2.0,2.0,2.0,2.0,2.0,0.0,0.0,0.0,0.0,0.0,0.0
27,craftdroid,atm,standard,wm,2.0,2.0,2.0,2.0,2.0,0.0714285714285714,10.16466498374939,40.0,0.0714285714285714,2.0,2.0,2.0,2.0,2.0,0.0,0.0,0.0,0.0,0.0,0.0
28,custom,union,standard,wm,4.0,5.0,7.0,7.0,8.0,0.2230872298645354,20.611977338790894,0.0,0.2804383469688816,4.0,7.0,12.0,12.0,13.0,-0.05735111710434618,0.0,-2.0,-5.0,-5.0,-5.0
29,custom,intersection,standard,wm,5.0,6.0,6.0,8.0,9.0,0.2494378522306263,11.593249320983888,0.0,0.2099443092421481,3.0,4.0,7.0,9.0,10.0,0.03949354298847821,2.0,2.0,-1.0,-1.0,-1.0
30,custom,craftdroid,standard,wm,4.0,5.0,7.0,7.0,8.0,0.2230872298645354,12.885634660720823,0.0,0.2804383469688816,4.0,7.0,12.0,12.0,13.0,-0.05735111710434618,0.0,-2.0,-5.0,-5.0,-5.0
31,custom,atm,standard,wm,5.0,6.0,6.0,8.0,9.0,0.2494378522306263,11.25358510017395,0.0,0.2099443092421481,3.0,4.0,7.0,9.0,10.0,0.03949354298847821,2.0,2.0,-1.0,-1.0,-1.0
32,atm_0,union,standard,wm,2.0,5.0,6.0,6.0,7.0,0.1954836718758353,32.01521635055542,2316.0,0.1934865121288626,1.0,5.0,6.0,7.0,7.0,0.0019971597469727043,1.0,0.0,0.0,-1.0,0.0
33,atm_0,intersection,standard,wm,6.0,7.0,9.0,10.0,10.0,0.2872945447360572,20.088929176330566,3199.0,0.2470732195704886,5.0,6.0,8.0,8.0,8.0,0.04022132516556859,1.0,1.0,1.0,2.0,2.0
34,atm_0,craftdroid,standard,wm,2.0,5.0,6.0,6.0,7.0,0.1954836718758353,27.988205671310425,2316.0,0.1934865121288626,1.0,5.0,6.0,7.0,7.0,0.0019971597469727043,1.0,0.0,0.0,-1.0,0.0
35,atm_0,atm,standard,wm,6.0,7.0,9.0,10.0,10.0,0.2872945447360572,26.950510263442997,3199.0,0.2470732195704886,5.0,6.0,8.0,8.0,8.0,0.04022132516556859,1.0,1.0,1.0,2.0,2.0
36,craftdroid,union,googleplay,wm,2.0,2.0,2.0,2.0,2.0,0.0714285714285714,39.4866840839386,0.0,0.0714285714285714,2.0,2.0,2.0,2.0,2.0,0.0,0.0,0.0,0.0,0.0,0.0
37,craftdroid,intersection,googleplay,wm,2.0,2.0,2.0,2.0,2.0,0.0714285714285714,10.67125964164734,0.0,0.0714285714285714,2.0,2.0,2.0,2.0,2.0,0.0,0.0,0.0,0.0,0.0,0.0
38,craftdroid,craftdroid,googleplay,wm,2.0,2.0,2.0,2.0,2.0,0.0714285714285714,17.10693669319153,0.0,0.0714285714285714,2.0,2.0,2.0,2.0,2.0,0.0,0.0,0.0,0.0,0.0,0.0
39,craftdroid,atm,googleplay,wm,2.0,2.0,2.0,2.0,2.0,0.0714285714285714,10.257956743240356,0.0,0.0714285714285714,2.0,2.0,2.0,2.0,2.0,0.0,0.0,0.0,0.0,0.0,0.0
40,custom,union,googleplay,wm,4.0,5.0,7.0,8.0,9.0,0.231801927018021,12.450408697128296,0.0,0.3607718917986776,7.0,10.0,13.0,13.0,14.0,-0.1289699647806566,-3.0,-5.0,-6.0,-5.0,-5.0
41,custom,intersection,googleplay,wm,5.0,6.0,6.0,8.0,9.0,0.250055045116036,11.37484359741211,0.0,0.2462874330906017,4.0,6.0,8.0,10.0,11.0,0.003767612025434297,1.0,0.0,-2.0,-2.0,-2.0
42,custom,craftdroid,googleplay,wm,4.0,5.0,7.0,8.0,9.0,0.231801927018021,12.643841981887816,0.0,0.3607718917986776,7.0,10.0,13.0,13.0,14.0,-0.1289699647806566,-3.0,-5.0,-6.0,-5.0,-5.0
43,custom,atm,googleplay,wm,5.0,6.0,6.0,8.0,9.0,0.250055045116036,11.586375951766968,0.0,0.2462874330906017,4.0,6.0,8.0,10.0,11.0,0.003767612025434297,1.0,0.0,-2.0,-2.0,-2.0
44,atm_0,union,googleplay,wm,2.0,7.0,8.0,8.0,11.0,0.2382060619841749,34.612653970718384,2316.0,0.2801590536262375,2.0,8.0,11.0,12.0,12.0,-0.04195299164206259,0.0,-1.0,-3.0,-4.0,-1.0
45,atm_0,intersection,googleplay,wm,5.0,7.0,9.0,12.0,13.0,0.2954528266974405,20.23602724075317,3124.0,0.2331150882385081,4.0,5.0,8.0,9.0,9.0,0.062337738458932396,1.0,2.0,1.0,3.0,4.0
46,atm_0,craftdroid,googleplay,wm,2.0,7.0,8.0,8.0,11.0,0.2382060619841749,28.360328912734985,2316.0,0.2801590536262375,2.0,8.0,11.0,12.0,12.0,-0.04195299164206259,0.0,-1.0,-3.0,-4.0,-1.0
47,atm_0,atm,googleplay,wm,5.0,7.0,9.0,12.0,13.0,0.2954528266974405,26.13516211509705,3124.0,0.2331150882385081,4.0,5.0,8.0,9.0,9.0,0.062337738458932396,1.0,2.0,1.0,3.0,4.0
48,craftdroid,union,android,w2v,2.0,2.0,2.0,2.0,2.0,0.0714285714285714,10.557369470596312,133262.0,0.0714285714285714,2.0,2.0,2.0,2.0,2.0,0.0,0.0,0.0,0.0,0.0,0.0
49,craftdroid,intersection,android,w2v,2.0,2.0,2.0,2.0,2.0,0.0714285714285714,5.851794004440308,63715.0,0.0714285714285714,2.0,2.0,2.0,2.0,2.0,0.0,0.0,0.0,0.0,0.0,0.0
50,craftdroid,craftdroid,android,w2v,2.0,2.0,2.0,2.0,2.0,0.0714285714285714,9.613836765289308,133262.0,0.0714285714285714,2.0,2.0,2.0,2.0,2.0,0.0,0.0,0.0,0.0,0.0,0.0
51,craftdroid,atm,android,w2v,2.0,2.0,2.0,2.0,2.0,0.0714285714285714,5.1244285106658936,63715.0,0.0714285714285714,2.0,2.0,2.0,2.0,2.0,0.0,0.0,0.0,0.0,0.0,0.0
52,custom,union,android,w2v,1.0,3.0,3.0,5.0,6.0,0.131414768059211,17.077848196029663,302053.0,0.1868931998144615,3.0,3.0,5.0,6.0,6.0,-0.055478431755250496,-2.0,0.0,-2.0,-1.0,0.0
53,custom,intersection,android,w2v,3.0,4.0,6.0,8.0,8.0,0.1981113938217166,9.635553359985352,81566.0,0.1713201924670385,2.0,3.0,5.0,7.0,8.0,0.026791201354678107,1.0,1.0,1.0,1.0,0.0
54,custom,craftdroid,android,w2v,1.0,3.0,3.0,5.0,6.0,0.131414768059211,17.790478706359863,302053.0,0.1868931998144615,3.0,3.0,5.0,6.0,6.0,-0.055478431755250496,-2.0,0.0,-2.0,-1.0,0.0
55,custom,atm,android,w2v,3.0,4.0,6.0,8.0,8.0,0.1981113938217166,9.760547876358032,81566.0,0.1713201924670385,2.0,3.0,5.0,7.0,8.0,0.026791201354678107,1.0,1.0,1.0,1.0,0.0
56,atm_0,union,android,w2v,3.0,3.0,4.0,4.0,7.0,0.1731674018604727,25.014244079589844,302053.0,0.1437611557476766,2.0,2.0,4.0,4.0,6.0,0.029406246112796103,1.0,1.0,0.0,0.0,1.0
57,atm_0,intersection,android,w2v,2.0,2.0,2.0,7.0,7.0,0.14532084322546,6.945680379867554,81566.0,0.0941012350373348,0.0,0.0,3.0,5.0,5.0,0.051219608188125196,2.0,2.0,-1.0,2.0,2.0
58,atm_0,craftdroid,android,w2v,3.0,3.0,4.0,4.0,7.0,0.1731674018604727,20.6357946395874,302053.0,0.1437611557476766,2.0,2.0,4.0,4.0,6.0,0.029406246112796103,1.0,1.0,0.0,0.0,1.0
59,atm_0,atm,android,w2v,2.0,2.0,2.0,7.0,7.0,0.14532084322546,12.252478122711182,81566.0,0.0941012350373348,0.0,0.0,3.0,5.0,5.0,0.051219608188125196,2.0,2.0,-1.0,2.0,2.0
60,craftdroid,union,blogs,w2v,2.0,2.0,2.0,2.0,2.0,0.0714285714285714,32.17417407035828,127944.0,0.0714285714285714,2.0,2.0,2.0,2.0,2.0,0.0,0.0,0.0,0.0,0.0,0.0
61,craftdroid,intersection,blogs,w2v,2.0,2.0,2.0,2.0,2.0,0.0714285714285714,5.15054178237915,60946.0,0.0714285714285714,2.0,2.0,2.0,2.0,2.0,0.0,0.0,0.0,0.0,0.0,0.0
62,craftdroid,craftdroid,blogs,w2v,2.0,2.0,2.0,2.0,2.0,0.0714285714285714,9.207318544387816,127944.0,0.0714285714285714,2.0,2.0,2.0,2.0,2.0,0.0,0.0,0.0,0.0,0.0,0.0
63,craftdroid,atm,blogs,w2v,2.0,2.0,2.0,2.0,2.0,0.0714285714285714,5.0073401927948,60946.0,0.0714285714285714,2.0,2.0,2.0,2.0,2.0,0.0,0.0,0.0,0.0,0.0,0.0
64,custom,union,blogs,w2v,2.0,3.0,3.0,5.0,7.0,0.146929852321333,20.497472763061523,288801.0,0.1572371002715015,2.0,2.0,5.0,6.0,7.0,-0.010307247950168519,0.0,1.0,-2.0,-1.0,0.0
65,custom,intersection,blogs,w2v,3.0,5.0,5.0,8.0,8.0,0.1967868668067225,13.830081224441528,77501.0,0.1858516946510367,2.0,5.0,7.0,8.0,8.0,0.01093517215568579,1.0,0.0,-2.0,0.0,0.0
66,custom,craftdroid,blogs,w2v,2.0,3.0,3.0,5.0,7.0,0.146929852321333,15.999197244644163,288801.0,0.1572371002715015,2.0,2.0,5.0,6.0,7.0,-0.010307247950168519,0.0,1.0,-2.0,-1.0,0.0
67,custom,atm,blogs,w2v,3.0,5.0,5.0,8.0,8.0,0.1967868668067225,9.207625150680542,77501.0,0.1858516946510367,2.0,5.0,7.0,8.0,8.0,0.01093517215568579,1.0,0.0,-2.0,0.0,0.0
68,atm_0,union,blogs,w2v,3.0,3.0,4.0,5.0,7.0,0.1725895539217468,24.597153902053837,288801.0,0.1459874901274434,2.0,2.0,4.0,5.0,6.0,0.02660206379430341,1.0,1.0,0.0,0.0,1.0
69,atm_0,intersection,blogs,w2v,2.0,4.0,6.0,8.0,8.0,0.1789362027939678,7.671539306640625,77501.0,0.1222491041466486,0.0,3.0,5.0,6.0,6.0,0.0566870986473192,2.0,1.0,1.0,2.0,2.0
70,atm_0,craftdroid,blogs,w2v,3.0,3.0,4.0,5.0,7.0,0.1725895539217468,20.34161949157715,288801.0,0.1459874901274434,2.0,2.0,4.0,5.0,6.0,0.02660206379430341,1.0,1.0,0.0,0.0,1.0
71,atm_0,atm,blogs,w2v,2.0,4.0,6.0,8.0,8.0,0.1789362027939678,12.295560121536257,77501.0,0.1222491041466486,0.0,3.0,5.0,6.0,6.0,0.0566870986473192,2.0,1.0,1.0,2.0,2.0
72,craftdroid,union,standard,w2v,2.0,2.0,2.0,2.0,2.0,0.0714285714285714,52.98248171806336,134363.0,0.0714285714285714,2.0,2.0,2.0,2.0,2.0,0.0,0.0,0.0,0.0,0.0,0.0
73,craftdroid,intersection,standard,w2v,2.0,2.0,2.0,2.0,2.0,0.0714285714285714,4.855535268783569,64476.0,0.0714285714285714,2.0,2.0,2.0,2.0,2.0,0.0,0.0,0.0,0.0,0.0,0.0
74,craftdroid,craftdroid,standard,w2v,2.0,2.0,2.0,2.0,2.0,0.0714285714285714,9.172439098358154,134363.0,0.0714285714285714,2.0,2.0,2.0,2.0,2.0,0.0,0.0,0.0,0.0,0.0,0.0
75,craftdroid,atm,standard,w2v,2.0,2.0,2.0,2.0,2.0,0.0714285714285714,5.776514768600464,64476.0,0.0714285714285714,2.0,2.0,2.0,2.0,2.0,0.0,0.0,0.0,0.0,0.0,0.0
76,custom,union,standard,w2v,4.0,4.0,4.0,7.0,8.0,0.2116728905145258,15.629912853240969,312299.0,0.2452339607644485,4.0,5.0,9.0,10.0,11.0,-0.03356107024992269,0.0,-1.0,-5.0,-3.0,-3.0
77,custom,intersection,standard,w2v,3.0,5.0,7.0,11.0,12.0,0.2369239605423816,9.076237916946411,84440.0,0.2156405660379958,3.0,5.0,8.0,9.0,9.0,0.021283394504385794,0.0,0.0,-1.0,2.0,3.0
78,custom,craftdroid,standard,w2v,4.0,4.0,4.0,7.0,8.0,0.2116728905145258,15.795604705810549,312299.0,0.2452339607644485,4.0,5.0,9.0,10.0,11.0,-0.03356107024992269,0.0,-1.0,-5.0,-3.0,-3.0
79,custom,atm,standard,w2v,3.0,5.0,7.0,11.0,12.0,0.2369239605423816,9.004739999771118,84440.0,0.2156405660379958,3.0,5.0,8.0,9.0,9.0,0.021283394504385794,0.0,0.0,-1.0,2.0,3.0
80,atm_0,union,standard,w2v,4.0,4.0,6.0,8.0,9.0,0.2247552355561764,24.16635131835937,312299.0,0.1990513969870449,2.0,4.0,8.0,11.0,11.0,0.0257038385691315,2.0,0.0,-2.0,-3.0,-2.0
81,atm_0,intersection,standard,w2v,2.0,7.0,9.0,9.0,9.0,0.2188269524028003,6.764913082122803,84440.0,0.1648190951699598,0.0,7.0,7.0,7.0,7.0,0.05400785723284052,2.0,0.0,2.0,2.0,2.0
82,atm_0,craftdroid,standard,w2v,4.0,4.0,6.0,8.0,9.0,0.2247552355561764,20.29567790031433,312299.0,0.1990513969870449,2.0,4.0,8.0,11.0,11.0,0.0257038385691315,2.0,0.0,-2.0,-3.0,-2.0
83,atm_0,atm,standard,w2v,2.0,7.0,9.0,9.0,9.0,0.2188269524028003,12.02257490158081,84440.0,0.1648190951699598,0.0,7.0,7.0,7.0,7.0,0.05400785723284052,2.0,0.0,2.0,2.0,2.0
84,craftdroid,union,googleplay,w2v,2.0,2.0,2.0,2.0,2.0,0.0714285714285714,30.440226554870605,84436.0,0.0714285714285714,2.0,2.0,2.0,2.0,2.0,0.0,0.0,0.0,0.0,0.0,0.0
85,craftdroid,intersection,googleplay,w2v,2.0,2.0,2.0,2.0,2.0,0.0714285714285714,5.101197004318237,38455.0,0.0714285714285714,2.0,2.0,2.0,2.0,2.0,0.0,0.0,0.0,0.0,0.0,0.0
86,craftdroid,craftdroid,googleplay,w2v,2.0,2.0,2.0,2.0,2.0,0.0714285714285714,9.541978597640991,84436.0,0.0714285714285714,2.0,2.0,2.0,2.0,2.0,0.0,0.0,0.0,0.0,0.0,0.0
87,craftdroid,atm,googleplay,w2v,2.0,2.0,2.0,2.0,2.0,0.0714285714285714,5.131241321563721,38455.0,0.0714285714285714,2.0,2.0,2.0,2.0,2.0,0.0,0.0,0.0,0.0,0.0,0.0
88,custom,union,googleplay,w2v,3.0,4.0,5.0,6.0,8.0,0.1966272347975151,17.560900688171387,187595.0,0.2054995529851334,2.0,5.0,7.0,9.0,10.0,-0.0088723181876183,1.0,-1.0,-2.0,-3.0,-2.0
89,custom,intersection,googleplay,w2v,3.0,4.0,5.0,11.0,11.0,0.2133288718556575,9.00637698173523,48328.0,0.230218479877817,3.0,7.0,9.0,9.0,9.0,-0.016889608022159497,0.0,-3.0,-4.0,2.0,2.0
90,custom,craftdroid,googleplay,w2v,3.0,4.0,5.0,6.0,8.0,0.1966272347975151,17.133035898208618,187595.0,0.2054995529851334,2.0,5.0,7.0,9.0,10.0,-0.0088723181876183,1.0,-1.0,-2.0,-3.0,-2.0
91,custom,atm,googleplay,w2v,3.0,4.0,5.0,11.0,11.0,0.2133288718556575,9.39030647277832,48328.0,0.230218479877817,3.0,7.0,9.0,9.0,9.0,-0.016889608022159497,0.0,-3.0,-4.0,2.0,2.0
92,atm_0,union,googleplay,w2v,3.0,4.0,5.0,5.0,6.0,0.1873008990408898,25.490443229675293,187595.0,0.1554518141664373,2.0,3.0,3.0,5.0,7.0,0.03184908487445251,1.0,1.0,2.0,0.0,-1.0
93,atm_0,intersection,googleplay,w2v,2.0,3.0,3.0,6.0,6.0,0.1480583675973255,7.31582236289978,48328.0,0.0996298962666723,0.0,1.0,4.0,4.0,4.0,0.048428471330653186,2.0,2.0,-1.0,2.0,2.0
94,atm_0,craftdroid,googleplay,w2v,3.0,4.0,5.0,5.0,6.0,0.1873008990408898,20.94148731231689,187595.0,0.1554518141664373,2.0,3.0,3.0,5.0,7.0,0.03184908487445251,1.0,1.0,2.0,0.0,-1.0
95,atm_0,atm,googleplay,w2v,2.0,3.0,3.0,6.0,6.0,0.1480583675973255,12.621669054031372,48328.0,0.0996298962666723,0.0,1.0,4.0,4.0,4.0,0.048428471330653186,2.0,2.0,-1.0,2.0,2.0
96,craftdroid,union,standard,nnlm,2.0,2.0,2.0,2.0,2.0,0.0714285714285714,27.55122423171997,550.0,0.0714285714285714,2.0,2.0,2.0,2.0,2.0,0.0,0.0,0.0,0.0,0.0,0.0
97,craftdroid,intersection,standard,nnlm,2.0,2.0,2.0,2.0,2.0,0.0714285714285714,14.961276769638062,550.0,0.0714285714285714,2.0,2.0,2.0,2.0,2.0,0.0,0.0,0.0,0.0,0.0,0.0
98,craftdroid,craftdroid,standard,nnlm,2.0,2.0,2.0,2.0,2.0,0.0714285714285714,23.63620948791504,550.0,0.0714285714285714,2.0,2.0,2.0,2.0,2.0,0.0,0.0,0.0,0.0,0.0,0.0
99,craftdroid,atm,standard,nnlm,2.0,2.0,2.0,2.0,2.0,0.0714285714285714,15.33942198753357,550.0,0.0714285714285714,2.0,2.0,2.0,2.0,2.0,0.0,0.0,0.0,0.0,0.0,0.0
100,custom,union,standard,nnlm,5.0,5.0,7.0,8.0,8.0,0.239785690221467,14.61189579963684,0.0,0.2472065137521709,4.0,5.0,9.0,10.0,12.0,-0.0074208235307038906,1.0,0.0,-2.0,-2.0,-4.0
101,custom,intersection,standard,nnlm,5.0,6.0,8.0,8.0,10.0,0.2513284423799744,15.053207874298096,282.0,0.2045712706962546,3.0,4.0,7.0,9.0,9.0,0.04675717168371982,2.0,2.0,1.0,-1.0,1.0
102,custom,craftdroid,standard,nnlm,5.0,5.0,7.0,8.0,8.0,0.239785690221467,14.774360418319702,0.0,0.2472065137521709,4.0,5.0,9.0,10.0,12.0,-0.0074208235307038906,1.0,0.0,-2.0,-2.0,-4.0
103,custom,atm,standard,nnlm,5.0,6.0,8.0,8.0,10.0,0.2513284423799744,14.566515445709229,282.0,0.2045712706962546,3.0,4.0,7.0,9.0,9.0,0.04675717168371982,2.0,2.0,1.0,-1.0,1.0
104,atm_0,union,standard,nnlm,2.0,4.0,8.0,9.0,9.0,0.2050273129774954,52.060351848602295,1789.0,0.2007911520893912,0.0,5.0,9.0,10.0,10.0,0.004236160888104218,2.0,-1.0,-1.0,-1.0,-1.0
105,atm_0,intersection,standard,nnlm,6.0,7.0,9.0,11.0,11.0,0.2952581864251238,31.300058126449585,5077.0,0.2426207956514293,4.0,7.0,9.0,9.0,9.0,0.052637390773694503,2.0,0.0,0.0,2.0,2.0
106,atm_0,craftdroid,standard,nnlm,2.0,4.0,8.0,9.0,9.0,0.2050273129774954,38.26435303688049,1789.0,0.2007911520893912,0.0,5.0,9.0,10.0,10.0,0.004236160888104218,2.0,-1.0,-1.0,-1.0,-1.0
107,atm_0,atm,standard,nnlm,6.0,7.0,9.0,11.0,11.0,0.2952581864251238,39.190035581588745,5077.0,0.2426207956514293,4.0,7.0,9.0,9.0,9.0,0.052637390773694503,2.0,0.0,0.0,2.0,2.0
108,craftdroid,union,standard,use,2.0,2.0,2.0,2.0,2.0,0.0714285714285714,68.21732950210571,84.0,0.0714285714285714,2.0,2.0,2.0,2.0,2.0,0.0,0.0,0.0,0.0,0.0,0.0
109,craftdroid,intersection,standard,use,2.0,2.0,2.0,2.0,2.0,0.0714285714285714,34.25728940963745,84.0,0.0714285714285714,2.0,2.0,2.0,2.0,2.0,0.0,0.0,0.0,0.0,0.0,0.0
110,craftdroid,craftdroid,standard,use,2.0,2.0,2.0,2.0,2.0,0.0714285714285714,55.49320363998413,84.0,0.0714285714285714,2.0,2.0,2.0,2.0,2.0,0.0,0.0,0.0,0.0,0.0,0.0
111,craftdroid,atm,standard,use,2.0,2.0,2.0,2.0,2.0,0.0714285714285714,34.83562207221985,84.0,0.0714285714285714,2.0,2.0,2.0,2.0,2.0,0.0,0.0,0.0,0.0,0.0,0.0
112,custom,union,standard,use,7.0,7.0,7.0,9.0,10.0,0.2979728797358154,27.885849952697757,0.0,0.2439429659423577,4.0,5.0,8.0,10.0,10.0,0.05402991379345767,3.0,2.0,-1.0,-1.0,0.0
113,custom,intersection,standard,use,6.0,6.0,9.0,10.0,10.0,0.2839488554995953,27.630206823349,486.0,0.2351227093708296,4.0,5.0,8.0,8.0,10.0,0.04882614612876571,2.0,1.0,1.0,2.0,0.0
114,custom,craftdroid,standard,use,7.0,7.0,7.0,9.0,10.0,0.2979728797358154,27.49654483795166,0.0,0.2439429659423577,4.0,5.0,8.0,10.0,10.0,0.05402991379345767,3.0,2.0,-1.0,-1.0,0.0
115,custom,atm,standard,use,6.0,6.0,9.0,10.0,10.0,0.2839488554995953,27.767947912216187,486.0,0.2351227093708296,4.0,5.0,8.0,8.0,10.0,0.04882614612876571,2.0,1.0,1.0,2.0,0.0
116,atm_0,union,standard,use,3.0,5.0,7.0,8.0,8.0,0.2128640640351397,89.34322619438171,1685.0,0.2401745692326972,2.0,6.0,9.0,10.0,10.0,-0.02731050519755751,1.0,-1.0,-2.0,-2.0,-2.0
117,atm_0,intersection,standard,use,6.0,7.0,8.0,9.0,11.0,0.2912390823388291,78.98145842552185,3930.0,0.2517879931575904,5.0,6.0,8.0,8.0,8.0,0.03945108918123874,1.0,1.0,0.0,1.0,3.0
118,atm_0,craftdroid,standard,use,3.0,5.0,7.0,8.0,8.0,0.2128640640351397,82.67011427879333,1685.0,0.2401745692326972,2.0,6.0,9.0,10.0,10.0,-0.02731050519755751,1.0,-1.0,-2.0,-2.0,-2.0
119,atm_0,atm,standard,use,6.0,7.0,8.0,9.0,11.0,0.2912390823388291,82.43396425247192,3930.0,0.2517879931575904,5.0,6.0,8.0,8.0,8.0,0.03945108918123874,1.0,1.0,0.0,1.0,3.0
120,craftdroid,union,android,glove,2.0,2.0,2.0,2.0,2.0,0.0714285714285714,9.36502194404602,189408.0,0.0714285714285714,2.0,2.0,2.0,2.0,2.0,0.0,0.0,0.0,0.0,0.0,0.0
121,craftdroid,intersection,android,glove,2.0,2.0,2.0,2.0,2.0,0.0714285714285714,4.720110893249512,89547.0,0.0714285714285714,2.0,2.0,2.0,2.0,2.0,0.0,0.0,0.0,0.0,0.0,0.0
122,craftdroid,craftdroid,android,glove,2.0,2.0,2.0,2.0,2.0,0.0714285714285714,8.740123748779297,189408.0,0.0714285714285714,2.0,2.0,2.0,2.0,2.0,0.0,0.0,0.0,0.0,0.0,0.0
123,craftdroid,atm,android,glove,2.0,2.0,2.0,2.0,2.0,0.0714285714285714,5.482261419296265,89547.0,0.0714285714285714,2.0,2.0,2.0,2.0,2.0,0.0,0.0,0.0,0.0,0.0,0.0
124,custom,union,android,glove,3.0,3.0,6.0,8.0,9.0,0.2006181212042947,15.10802721977234,445029.0,0.2365681745092548,3.0,5.0,9.0,11.0,11.0,-0.035950053304960095,0.0,-2.0,-3.0,-3.0,-2.0
125,custom,intersection,android,glove,3.0,4.0,6.0,8.0,9.0,0.2104849472884078,8.978641748428345,121764.0,0.2055948262587783,2.0,6.0,8.0,8.0,8.0,0.004890121029629491,1.0,-2.0,-2.0,0.0,1.0
126,custom,craftdroid,android,glove,3.0,3.0,6.0,8.0,9.0,0.2006181212042947,15.270761251449583,445029.0,0.2365681745092548,3.0,5.0,9.0,11.0,11.0,-0.035950053304960095,0.0,-2.0,-3.0,-3.0,-2.0
127,custom,atm,android,glove,3.0,4.0,6.0,8.0,9.0,0.2104849472884078,9.04496932029724,121764.0,0.2055948262587783,2.0,6.0,8.0,8.0,8.0,0.004890121029629491,1.0,-2.0,-2.0,0.0,1.0
128,atm_0,union,android,glove,3.0,5.0,7.0,8.0,8.0,0.2158195062596977,23.5742506980896,445029.0,0.1846957775510714,2.0,4.0,6.0,7.0,7.0,0.031123728708626314,1.0,1.0,1.0,1.0,1.0
129,atm_0,intersection,android,glove,2.0,5.0,6.0,8.0,8.0,0.1948092983428019,6.455109596252441,121764.0,0.1380398648636546,0.0,4.0,5.0,6.0,6.0,0.056769433479147285,2.0,1.0,1.0,2.0,2.0
130,atm_0,craftdroid,android,glove,3.0,5.0,7.0,8.0,8.0,0.2158195062596977,19.83451557159424,445029.0,0.1846957775510714,2.0,4.0,6.0,7.0,7.0,0.031123728708626314,1.0,1.0,1.0,1.0,1.0
131,atm_0,atm,android,glove,2.0,5.0,6.0,8.0,8.0,0.1948092983428019,12.212313175201416,121764.0,0.1380398648636546,0.0,4.0,5.0,6.0,6.0,0.056769433479147285,2.0,1.0,1.0,2.0,2.0
132,craftdroid,union,blogs,glove,2.0,2.0,2.0,2.0,2.0,0.0714285714285714,14.440915584564207,135306.0,0.0714285714285714,2.0,2.0,2.0,2.0,2.0,0.0,0.0,0.0,0.0,0.0,0.0
133,craftdroid,intersection,blogs,glove,2.0,2.0,2.0,2.0,2.0,0.0714285714285714,4.791459083557129,64785.0,0.0714285714285714,2.0,2.0,2.0,2.0,2.0,0.0,0.0,0.0,0.0,0.0,0.0
134,craftdroid,craftdroid,blogs,glove,2.0,2.0,2.0,2.0,2.0,0.0714285714285714,8.875646829605103,135306.0,0.0714285714285714,2.0,2.0,2.0,2.0,2.0,0.0,0.0,0.0,0.0,0.0,0.0
135,craftdroid,atm,blogs,glove,2.0,2.0,2.0,2.0,2.0,0.0714285714285714,5.609275341033936,64785.0,0.0714285714285714,2.0,2.0,2.0,2.0,2.0,0.0,0.0,0.0,0.0,0.0,0.0
136,custom,union,blogs,glove,2.0,2.0,2.0,5.0,8.0,0.1557126230445558,15.248819828033447,310395.0,0.1855627008337917,2.0,3.0,6.0,9.0,9.0,-0.0298500777892359,0.0,-1.0,-4.0,-4.0,-1.0
137,custom,intersection,blogs,glove,2.0,4.0,7.0,9.0,9.0,0.187665632879614,9.02043318748474,84304.0,0.161887340138019,1.0,3.0,7.0,8.0,8.0,0.025778292741594988,1.0,1.0,0.0,1.0,1.0
138,custom,craftdroid,blogs,glove,2.0,2.0,2.0,5.0,8.0,0.1557126230445558,15.492741823196411,310395.0,0.1855627008337917,2.0,3.0,6.0,9.0,9.0,-0.0298500777892359,0.0,-1.0,-4.0,-4.0,-1.0
139,custom,atm,blogs,glove,2.0,4.0,7.0,9.0,9.0,0.187665632879614,9.001782655715942,84304.0,0.161887340138019,1.0,3.0,7.0,8.0,8.0,0.025778292741594988,1.0,1.0,0.0,1.0,1.0
140,atm_0,union,blogs,glove,4.0,4.0,4.0,7.0,8.0,0.2122024022321136,24.54062557220459,310395.0,0.192209461938783,3.0,3.0,5.0,8.0,9.0,0.019992940293330597,1.0,1.0,-1.0,-1.0,-1.0
141,atm_0,intersection,blogs,glove,2.0,4.0,5.0,8.0,8.0,0.1792252549205746,6.740844249725342,84304.0,0.1182497289543919,0.0,2.0,4.0,6.0,6.0,0.06097552596618269,2.0,2.0,1.0,2.0,2.0
142,atm_0,craftdroid,blogs,glove,4.0,4.0,4.0,7.0,8.0,0.2122024022321136,20.273550748825077,310395.0,0.192209461938783,3.0,3.0,5.0,8.0,9.0,0.019992940293330597,1.0,1.0,-1.0,-1.0,-1.0
143,atm_0,atm,blogs,glove,2.0,4.0,5.0,8.0,8.0,0.1792252549205746,11.973118543624878,84304.0,0.1182497289543919,0.0,2.0,4.0,6.0,6.0,0.06097552596618269,2.0,2.0,1.0,2.0,2.0
144,craftdroid,union,standard,glove,2.0,2.0,2.0,2.0,2.0,0.0714285714285714,24.111079692840576,135603.0,0.0714285714285714,2.0,2.0,2.0,2.0,2.0,0.0,0.0,0.0,0.0,0.0,0.0
145,craftdroid,intersection,standard,glove,2.0,2.0,2.0,2.0,2.0,0.0714285714285714,4.693196296691895,63088.0,0.0714285714285714,2.0,2.0,2.0,2.0,2.0,0.0,0.0,0.0,0.0,0.0,0.0
146,craftdroid,craftdroid,standard,glove,2.0,2.0,2.0,2.0,2.0,0.0714285714285714,8.78073239326477,135603.0,0.0714285714285714,2.0,2.0,2.0,2.0,2.0,0.0,0.0,0.0,0.0,0.0,0.0
147,craftdroid,atm,standard,glove,2.0,2.0,2.0,2.0,2.0,0.0714285714285714,5.517202377319336,63088.0,0.0714285714285714,2.0,2.0,2.0,2.0,2.0,0.0,0.0,0.0,0.0,0.0,0.0
148,custom,union,standard,glove,2.0,2.0,5.0,8.0,8.0,0.1657657951735795,15.12294888496399,306082.0,0.2081545454673334,3.0,4.0,7.0,10.0,10.0,-0.042388750293753885,-1.0,-2.0,-2.0,-2.0,-2.0
149,custom,intersection,standard,glove,3.0,6.0,8.0,9.0,9.0,0.222272954157296,8.878543615341187,81284.0,0.2042257126442774,2.0,5.0,7.0,9.0,10.0,0.01804724151301859,1.0,1.0,1.0,0.0,-1.0
150,custom,craftdroid,standard,glove,2.0,2.0,5.0,8.0,8.0,0.1657657951735795,15.334893465042114,306082.0,0.2081545454673334,3.0,4.0,7.0,10.0,10.0,-0.042388750293753885,-1.0,-2.0,-2.0,-2.0,-2.0
151,custom,atm,standard,glove,3.0,6.0,8.0,9.0,9.0,0.222272954157296,9.003492593765259,81284.0,0.2042257126442774,2.0,5.0,7.0,9.0,10.0,0.01804724151301859,1.0,1.0,1.0,0.0,-1.0
152,atm_0,union,standard,glove,3.0,5.0,6.0,8.0,8.0,0.2013962711183097,23.92003035545349,306082.0,0.1868100397218213,3.0,4.0,5.0,7.0,7.0,0.014586231396488403,0.0,1.0,1.0,1.0,1.0
153,atm_0,intersection,standard,glove,2.0,5.0,6.0,8.0,8.0,0.1898344165412006,6.669693470001221,81284.0,0.1339991957726519,0.0,4.0,5.0,6.0,6.0,0.05583522076854869,2.0,1.0,1.0,2.0,2.0
154,atm_0,craftdroid,standard,glove,3.0,5.0,6.0,8.0,8.0,0.2013962711183097,20.03547430038452,306082.0,0.1868100397218213,3.0,4.0,5.0,7.0,7.0,0.014586231396488403,0.0,1.0,1.0,1.0,1.0
155,atm_0,atm,standard,glove,2.0,5.0,6.0,8.0,8.0,0.1898344165412006,17.088954210281372,81284.0,0.1339991957726519,0.0,4.0,5.0,6.0,6.0,0.05583522076854869,2.0,1.0,1.0,2.0,2.0
156,craftdroid,union,googleplay,glove,2.0,2.0,2.0,2.0,2.0,0.0714285714285714,16.07805824279785,126311.0,0.0714285714285714,2.0,2.0,2.0,2.0,2.0,0.0,0.0,0.0,0.0,0.0,0.0
157,craftdroid,intersection,googleplay,glove,2.0,2.0,2.0,2.0,2.0,0.0714285714285714,6.003725290298462,59225.0,0.0714285714285714,2.0,2.0,2.0,2.0,2.0,0.0,0.0,0.0,0.0,0.0,0.0
158,craftdroid,craftdroid,googleplay,glove,2.0,2.0,2.0,2.0,2.0,0.0714285714285714,9.241738080978394,126311.0,0.0714285714285714,2.0,2.0,2.0,2.0,2.0,0.0,0.0,0.0,0.0,0.0,0.0
159,craftdroid,atm,googleplay,glove,2.0,2.0,2.0,2.0,2.0,0.0714285714285714,5.021105766296387,59225.0,0.0714285714285714,2.0,2.0,2.0,2.0,2.0,0.0,0.0,0.0,0.0,0.0,0.0
160,custom,union,googleplay,glove,2.0,2.0,2.0,5.0,7.0,0.1476908518410981,16.091609716415405,285940.0,0.1807336182336182,2.0,3.0,6.0,7.0,8.0,-0.0330427663925201,0.0,-1.0,-4.0,-2.0,-1.0
161,custom,intersection,googleplay,glove,2.0,3.0,4.0,6.0,6.0,0.1627877526301895,9.428145170211792,76506.0,0.1550345547176349,1.0,3.0,4.0,6.0,8.0,0.007753197912554605,1.0,0.0,0.0,0.0,-2.0
162,custom,craftdroid,googleplay,glove,2.0,2.0,2.0,5.0,7.0,0.1476908518410981,17.453145503997803,285940.0,0.1807336182336182,2.0,3.0,6.0,7.0,8.0,-0.0330427663925201,0.0,-1.0,-4.0,-2.0,-1.0
163,custom,atm,googleplay,glove,2.0,3.0,4.0,6.0,6.0,0.1627877526301895,8.733687162399292,76506.0,0.1550345547176349,1.0,3.0,4.0,6.0,8.0,0.007753197912554605,1.0,0.0,0.0,0.0,-2.0
164,atm_0,union,googleplay,glove,3.0,3.0,4.0,6.0,6.0,0.1820570560315204,25.343406915664676,285940.0,0.1519730069719096,2.0,2.0,4.0,5.0,5.0,0.03008404905961079,1.0,1.0,0.0,1.0,1.0
165,atm_0,intersection,googleplay,glove,2.0,4.0,4.0,7.0,7.0,0.1721349395987175,7.209789276123047,76506.0,0.1240507437906033,0.0,2.0,5.0,6.0,6.0,0.04808419580811421,2.0,2.0,-1.0,1.0,1.0
166,atm_0,craftdroid,googleplay,glove,3.0,3.0,4.0,6.0,6.0,0.1820570560315204,20.67554473876953,285940.0,0.1519730069719096,2.0,2.0,4.0,5.0,5.0,0.03008404905961079,1.0,1.0,0.0,1.0,1.0
167,atm_0,atm,googleplay,glove,2.0,4.0,4.0,7.0,7.0,0.1721349395987175,12.49941349029541,76506.0,0.1240507437906033,0.0,2.0,5.0,6.0,6.0,0.04808419580811421,2.0,2.0,-1.0,1.0,1.0
168,craftdroid,union,android,fast,2.0,2.0,2.0,2.0,2.0,0.0714285714285714,28.62105178833008,83680.0,0.0714285714285714,2.0,2.0,2.0,2.0,2.0,0.0,0.0,0.0,0.0,0.0,0.0
169,craftdroid,intersection,android,fast,2.0,2.0,2.0,2.0,2.0,0.0714285714285714,10.649370908737184,38726.0,0.0714285714285714,2.0,2.0,2.0,2.0,2.0,0.0,0.0,0.0,0.0,0.0,0.0
170,craftdroid,craftdroid,android,fast,2.0,2.0,2.0,2.0,2.0,0.0714285714285714,20.25372648239136,83680.0,0.0714285714285714,2.0,2.0,2.0,2.0,2.0,0.0,0.0,0.0,0.0,0.0,0.0
171,craftdroid,atm,android,fast,2.0,2.0,2.0,2.0,2.0,0.0714285714285714,10.877065658569336,38726.0,0.0714285714285714,2.0,2.0,2.0,2.0,2.0,0.0,0.0,0.0,0.0,0.0,0.0
172,custom,union,android,fast,2.0,3.0,3.0,5.0,6.0,0.1525813284853708,41.82448625564575,189748.0,0.1737189446802321,2.0,3.0,4.0,7.0,9.0,-0.02113761619486132,0.0,0.0,-1.0,-2.0,-3.0
173,custom,intersection,android,fast,3.0,6.0,7.0,9.0,9.0,0.2210890831949788,16.55954122543335,49292.0,0.2149178700339957,3.0,5.0,8.0,8.0,8.0,0.006171213160983097,0.0,1.0,-1.0,1.0,1.0
174,custom,craftdroid,android,fast,2.0,3.0,3.0,5.0,6.0,0.1525813284853708,39.72958517074585,189748.0,0.1737189446802321,2.0,3.0,4.0,7.0,9.0,-0.02113761619486132,0.0,0.0,-1.0,-2.0,-3.0
175,custom,atm,android,fast,3.0,6.0,7.0,9.0,9.0,0.2210890831949788,15.725292921066284,49292.0,0.2149178700339957,3.0,5.0,8.0,8.0,8.0,0.006171213160983097,0.0,1.0,-1.0,1.0,1.0
176,atm_0,union,android,fast,3.0,3.0,3.0,3.0,5.0,0.1636753204815282,49.508228063583374,189748.0,0.1351962487635695,2.0,2.0,2.0,3.0,4.0,0.028479071717958687,1.0,1.0,1.0,0.0,1.0
177,atm_0,intersection,android,fast,2.0,2.0,2.0,4.0,6.0,0.1412562506162065,15.11606764793396,49292.0,0.0913689078747761,0.0,0.0,2.0,2.0,5.0,0.049887342741430404,2.0,2.0,0.0,2.0,1.0
178,atm_0,craftdroid,android,fast,3.0,3.0,3.0,3.0,5.0,0.1636753204815282,46.03791785240173,189748.0,0.1351962487635695,2.0,2.0,2.0,3.0,4.0,0.028479071717958687,1.0,1.0,1.0,0.0,1.0
179,atm_0,atm,android,fast,2.0,2.0,2.0,4.0,6.0,0.1412562506162065,20.612528562545776,49292.0,0.0913689078747761,0.0,0.0,2.0,2.0,5.0,0.049887342741430404,2.0,2.0,0.0,2.0,1.0
180,craftdroid,union,blogs,fast,2.0,2.0,2.0,2.0,2.0,0.0714285714285714,59.44093203544617,4.0,0.0714285714285714,2.0,2.0,2.0,2.0,2.0,0.0,0.0,0.0,0.0,0.0,0.0
181,craftdroid,intersection,blogs,fast,2.0,2.0,2.0,2.0,2.0,0.0714285714285714,11.072650671005247,4.0,0.0714285714285714,2.0,2.0,2.0,2.0,2.0,0.0,0.0,0.0,0.0,0.0,0.0
182,craftdroid,craftdroid,blogs,fast,2.0,2.0,2.0,2.0,2.0,0.0714285714285714,20.41883850097656,4.0,0.0714285714285714,2.0,2.0,2.0,2.0,2.0,0.0,0.0,0.0,0.0,0.0,0.0
183,craftdroid,atm,blogs,fast,2.0,2.0,2.0,2.0,2.0,0.0714285714285714,11.031864643096924,4.0,0.0714285714285714,2.0,2.0,2.0,2.0,2.0,0.0,0.0,0.0,0.0,0.0,0.0
184,custom,union,blogs,fast,3.0,3.0,3.0,5.0,7.0,0.1710862957029494,47.127084255218506,13.0,0.1975748092286064,3.0,4.0,4.0,7.0,9.0,-0.02648851352565701,0.0,-1.0,-1.0,-2.0,-2.0
185,custom,intersection,blogs,fast,3.0,4.0,5.0,7.0,9.0,0.1982180128300818,15.839874029159546,6.0,0.1831859076980718,2.0,4.0,7.0,8.0,9.0,0.015032105132010004,1.0,0.0,-2.0,-1.0,0.0
186,custom,craftdroid,blogs,fast,3.0,3.0,3.0,5.0,7.0,0.1710862957029494,38.91711163520813,13.0,0.1975748092286064,3.0,4.0,4.0,7.0,9.0,-0.02648851352565701,0.0,-1.0,-1.0,-2.0,-2.0
187,custom,atm,blogs,fast,3.0,4.0,5.0,7.0,9.0,0.1982180128300818,15.65634822845459,6.0,0.1831859076980718,2.0,4.0,7.0,8.0,9.0,0.015032105132010004,1.0,0.0,-2.0,-1.0,0.0
188,atm_0,union,blogs,fast,4.0,4.0,4.0,6.0,7.0,0.1934413365063248,50.04357147216797,13.0,0.1590106699666874,3.0,3.0,3.0,5.0,6.0,0.03443066653963742,1.0,1.0,1.0,1.0,1.0
189,atm_0,intersection,blogs,fast,2.0,4.0,5.0,6.0,6.0,0.167947648277702,13.77436089515686,6.0,0.1192411546422939,0.0,3.0,5.0,5.0,5.0,0.048706493635408105,2.0,1.0,0.0,1.0,1.0
190,atm_0,craftdroid,blogs,fast,4.0,4.0,4.0,6.0,7.0,0.1934413365063248,43.46875309944153,13.0,0.1590106699666874,3.0,3.0,3.0,5.0,6.0,0.03443066653963742,1.0,1.0,1.0,1.0,1.0
191,atm_0,atm,blogs,fast,2.0,4.0,5.0,6.0,6.0,0.167947648277702,19.61781620979309,6.0,0.1192411546422939,0.0,3.0,5.0,5.0,5.0,0.048706493635408105,2.0,1.0,0.0,1.0,1.0
192,craftdroid,union,googleplay,fast,2.0,2.0,2.0,2.0,2.0,0.0714285714285714,51.08511972427368,4485.0,0.0714285714285714,2.0,2.0,2.0,2.0,2.0,0.0,0.0,0.0,0.0,0.0,0.0
193,craftdroid,intersection,googleplay,fast,2.0,2.0,2.0,2.0,2.0,0.0714285714285714,8.17048192024231,696.0,0.0714285714285714,2.0,2.0,2.0,2.0,2.0,0.0,0.0,0.0,0.0,0.0,0.0
194,craftdroid,craftdroid,googleplay,fast,2.0,2.0,2.0,2.0,2.0,0.0714285714285714,17.270865201950073,4485.0,0.0714285714285714,2.0,2.0,2.0,2.0,2.0,0.0,0.0,0.0,0.0,0.0,0.0
195,craftdroid,atm,googleplay,fast,2.0,2.0,2.0,2.0,2.0,0.0714285714285714,8.043332815170288,696.0,0.0714285714285714,2.0,2.0,2.0,2.0,2.0,0.0,0.0,0.0,0.0,0.0,0.0
196,custom,union,googleplay,fast,4.0,4.0,7.0,11.0,13.0,0.2491120362211765,36.7663094997406,9104.0,0.2776547902017827,4.0,7.0,8.0,13.0,14.0,-0.028542753980606184,0.0,-3.0,-1.0,-2.0,-1.0
197,custom,intersection,googleplay,fast,3.0,4.0,8.0,10.0,10.0,0.2224688360886272,13.378012657165527,1018.0,0.2192423446477145,3.0,5.0,9.0,9.0,9.0,0.0032264914409126932,0.0,-1.0,-1.0,1.0,1.0
198,custom,craftdroid,googleplay,fast,4.0,4.0,7.0,11.0,13.0,0.2491120362211765,32.784454584121704,9104.0,0.2776547902017827,4.0,7.0,8.0,13.0,14.0,-0.028542753980606184,0.0,-3.0,-1.0,-2.0,-1.0
199,custom,atm,googleplay,fast,3.0,4.0,8.0,10.0,10.0,0.2224688360886272,13.571237087249756,1018.0,0.2192423446477145,3.0,5.0,9.0,9.0,9.0,0.0032264914409126932,0.0,-1.0,-1.0,1.0,1.0
200,atm_0,union,googleplay,fast,4.0,4.0,6.0,6.0,6.0,0.2071707014180308,41.2032322883606,9104.0,0.1715535720315266,3.0,3.0,5.0,5.0,5.0,0.03561712938650419,1.0,1.0,1.0,1.0,1.0
201,atm_0,intersection,googleplay,fast,2.0,4.0,5.0,6.0,6.0,0.1640938031557315,12.30071783065796,1018.0,0.1098263426659497,0.0,3.0,4.0,4.0,4.0,0.05426746048978179,2.0,1.0,1.0,2.0,2.0
202,atm_0,craftdroid,googleplay,fast,4.0,4.0,6.0,6.0,6.0,0.2071707014180308,37.15115571022034,9104.0,0.1715535720315266,3.0,3.0,5.0,5.0,5.0,0.03561712938650419,1.0,1.0,1.0,1.0,1.0
203,atm_0,atm,googleplay,fast,2.0,4.0,5.0,6.0,6.0,0.1640938031557315,16.762703895568848,1018.0,0.1098263426659497,0.0,3.0,4.0,4.0,4.0,0.05426746048978179,2.0,1.0,1.0,2.0,2.0
204,craftdroid,union,empty,jaccard,2.0,2.0,2.0,2.0,2.0,0.0714285714285714,3.4442503452301025,3220.0,0.0714285714285714,2.0,2.0,2.0,2.0,2.0,0.0,0.0,0.0,0.0,0.0,0.0
205,craftdroid,intersection,empty,jaccard,2.0,2.0,2.0,2.0,2.0,0.0714285714285714,2.763758897781372,3220.0,0.0714285714285714,2.0,2.0,2.0,2.0,2.0,0.0,0.0,0.0,0.0,0.0,0.0
206,craftdroid,craftdroid,empty,jaccard,2.0,2.0,2.0,2.0,2.0,0.0714285714285714,3.922439813613892,3220.0,0.0714285714285714,2.0,2.0,2.0,2.0,2.0,0.0,0.0,0.0,0.0,0.0,0.0
207,craftdroid,atm,empty,jaccard,2.0,2.0,2.0,2.0,2.0,0.0714285714285714,2.374989748001098,3220.0,0.0714285714285714,2.0,2.0,2.0,2.0,2.0,0.0,0.0,0.0,0.0,0.0,0.0
208,custom,union,empty,jaccard,4.0,5.0,6.0,6.0,8.0,0.2229267053197027,5.255686283111572,0.0,0.2861963523227549,4.0,8.0,10.0,11.0,12.0,-0.06326964700305221,0.0,-3.0,-4.0,-5.0,-4.0
209,custom,intersection,empty,jaccard,4.0,4.0,6.0,7.0,9.0,0.2142895602334394,6.0511884689331055,1063.0,0.1929433350472302,2.0,4.0,6.0,7.0,8.0,0.021346225186209183,2.0,0.0,0.0,0.0,1.0
210,custom,craftdroid,empty,jaccard,4.0,5.0,6.0,6.0,8.0,0.2229267053197027,5.339114665985107,0.0,0.2861963523227549,4.0,8.0,10.0,11.0,12.0,-0.06326964700305221,0.0,-3.0,-4.0,-5.0,-4.0
211,custom,atm,empty,jaccard,4.0,4.0,6.0,7.0,9.0,0.2142895602334394,6.148393154144287,1063.0,0.1929433350472302,2.0,4.0,6.0,7.0,8.0,0.021346225186209183,2.0,0.0,0.0,0.0,1.0
212,atm_0,union,empty,jaccard,2.0,5.0,5.0,7.0,7.0,0.1895185354903313,12.403005123138428,2316.0,0.1947657000632879,1.0,6.0,6.0,6.0,7.0,-0.0052471645729565974,1.0,-1.0,-1.0,1.0,0.0
213,atm_0,intersection,empty,jaccard,5.0,6.0,7.0,8.0,10.0,0.2528836588155894,2.7583818435668945,12059.0,0.2250524889928948,4.0,5.0,7.0,8.0,8.0,0.027831169822694596,1.0,1.0,0.0,0.0,2.0
214,atm_0,craftdroid,empty,jaccard,2.0,5.0,5.0,7.0,7.0,0.1895185354903313,8.035011053085327,2316.0,0.1947657000632879,1.0,6.0,6.0,6.0,7.0,-0.0052471645729565974,1.0,-1.0,-1.0,1.0,0.0
215,atm_0,atm,empty,jaccard,5.0,6.0,7.0,8.0,10.0,0.2528836588155894,7.6678407192230225,12059.0,0.2250524889928948,4.0,5.0,7.0,8.0,8.0,0.027831169822694596,1.0,1.0,0.0,0.0,2.0
216,craftdroid,union,empty,edit_distance,2.0,2.0,2.0,2.0,2.0,0.0714285714285714,17.25265860557556,94250.0,0.0714285714285714,2.0,2.0,2.0,2.0,2.0,0.0,0.0,0.0,0.0,0.0,0.0
217,craftdroid,intersection,empty,edit_distance,2.0,2.0,2.0,2.0,2.0,0.0714285714285714,17.171382904052734,46713.0,0.0714285714285714,2.0,2.0,2.0,2.0,2.0,0.0,0.0,0.0,0.0,0.0,0.0
218,craftdroid,craftdroid,empty,edit_distance,2.0,2.0,2.0,2.0,2.0,0.0714285714285714,26.024779558181763,94250.0,0.0714285714285714,2.0,2.0,2.0,2.0,2.0,0.0,0.0,0.0,0.0,0.0,0.0
219,craftdroid,atm,empty,edit_distance,2.0,2.0,2.0,2.0,2.0,0.0714285714285714,9.419281721115112,46713.0,0.0714285714285714,2.0,2.0,2.0,2.0,2.0,0.0,0.0,0.0,0.0,0.0,0.0
220,custom,union,empty,edit_distance,3.0,3.0,4.0,5.0,7.0,0.1804000889588542,36.24774408340454,235323.0,0.1864774760717588,2.0,3.0,7.0,8.0,10.0,-0.006077387112904592,1.0,0.0,-3.0,-3.0,-3.0
221,custom,intersection,empty,edit_distance,3.0,4.0,6.0,7.0,7.0,0.1951334508007474,14.141735076904297,70540.0,0.2119916787270472,3.0,5.0,7.0,9.0,9.0,-0.01685822792629979,0.0,-1.0,-1.0,-2.0,-2.0
222,custom,craftdroid,empty,edit_distance,3.0,3.0,4.0,5.0,7.0,0.1804000889588542,36.50734400749207,235323.0,0.1864774760717588,2.0,3.0,7.0,8.0,10.0,-0.006077387112904592,1.0,0.0,-3.0,-3.0,-3.0
223,custom,atm,empty,edit_distance,3.0,4.0,6.0,7.0,7.0,0.1951334508007474,14.235361337661743,70540.0,0.2119916787270472,3.0,5.0,7.0,9.0,9.0,-0.01685822792629979,0.0,-1.0,-1.0,-2.0,-2.0
224,atm_0,union,empty,edit_distance,5.0,5.0,7.0,8.0,8.0,0.2416720381191684,44.24417686462402,235323.0,0.2251192366374886,4.0,5.0,6.0,7.0,9.0,0.016552801481679813,1.0,0.0,1.0,1.0,-1.0
225,atm_0,intersection,empty,edit_distance,2.0,5.0,6.0,7.0,8.0,0.1873223647904815,12.371911764144896,70540.0,0.1468747967026778,1.0,4.0,5.0,5.0,6.0,0.0404475680878037,1.0,1.0,1.0,2.0,2.0
226,atm_0,craftdroid,empty,edit_distance,5.0,5.0,7.0,8.0,8.0,0.2416720381191684,40.02543258666992,235323.0,0.2251192366374886,4.0,5.0,6.0,7.0,9.0,0.016552801481679813,1.0,0.0,1.0,1.0,-1.0
227,atm_0,atm,empty,edit_distance,2.0,5.0,6.0,7.0,8.0,0.1873223647904815,17.85606026649475,70540.0,0.1468747967026778,1.0,4.0,5.0,5.0,6.0,0.0404475680878037,1.0,1.0,1.0,2.0,2.0
